Word,Count
*,38
+,13
the,11
servlet,9
if,8
\"\\,8
,8
=,7
@param,6
@throws,6
error,6
occurs,6
request,6
response,6
for,6
in,5
to,5
new,5
a,5
this,5
},5
{,5
template,4
change,4
choose,4
To,4
IOException,3
HTTP,3
on,3
I/O,3
ServletException,3
modelName);,3
servlet-specific,3
and,3
an,3
Model,3
Templates,2
Christian,2
classes,2
f,2
<code>POST</code>,2
from,2
Properties,2
(File,2
\System.err.println("\Wink\,2
License,2
Tools,2
editor,2
File,2
@author,2
methods,2
count,2
\header,\,2
open,2
description,2
|,2
model,2
in.read(buffer);,2
Handles,2
license,2
Project,2
belongs,2
<code>GET</code>,2
Headers,2
Mapping,2
:,2
method,2
\file,\,2
Use,1
any,1
references,1
File.separator,1
both,1
FileInputStream,1
of,1
sign,1
@return,1
mypov.data.*,1
based,1
are,1
\code."\>\,1
replace,1
short,1
containing,1
checking,1
FileOutputStream(fOut);,1
folderModel.listFiles()),1
\0,\,1
f.delete();,1
fOut,1
left,1
redirect);,1
out,1
\desc="\HttpServlet\,1
\System.err.println("\Touch\,1
folderModel.mkdir();,1
\System.err.println("\redirecting\,1
Processes,1
\out.write(buffer,\,1
0),1
File(folderModel.getAbsolutePath(),1
f.getAbsolutePath());,1
\defaultstate="\collapsed"\\,1
byte[],1
String,1
looking,1
byte[1000];,1
(mapping.isPrintDefaults()),1
f.getName());,1
date,1
Click,1
</editor-fold>,1
requests,1
not,1
\Name:"\\,1
before,1
vs,1
<editor-fold,1
(folderModel.exists()),1
long,1
\File("\C:\\git\\pov\\WinkTouch\\web\\app\\model-static"\);\,1
>,1
build,1
modelName,1
in.close();,1
FileInputStream(f);,1
System.err.println(map.getTouchModelName(),1
folderModelStatic,1
count);,1
edit,1
-,1
fOut.createNewFile();,1
dynamically,1
folderModelStatic.listFiles()),1
out.close();,1
check,1
System.err.println(fOut.getAbsolutePath(),1
that,1
(count,1
We,1
existing,1
FileOutputStream,1
Found,1
is,1
mapping.getClassName());,1
buffer,1
int,1
class,1
while,1
\:"\\,1
Returns,1
always,1
